title,ingr_full,quant,units,cut,ingr,category,subcategory
a-surprise-inside-french-toast,"1/4 cup cottage cheese, whipped",0.25,cups,,cottage cheese,dairy,cheese
a-surprise-inside-french-toast,2 tablespoons lowfat cream cheese,2,tablespoons,,cream cheese,dairy,cheese
a-surprise-inside-french-toast,3 cups egg substitute,3,cups,,egg substitute,eggs,
a-surprise-inside-french-toast,1/4 cup evaporated milk,0.25,cups,,evaporated milk,milkcream,
a-surprise-inside-french-toast,6 (2 inch thick) slices french bread,12,slices,"2"" slices",french bread,bread,
a-surprise-inside-french-toast,1/4 cup ricotta cheese,0.25,cups,,ricotta cheese,dairy,cheese
a-surprise-inside-french-toast,2 teaspoons white sugar,2,teaspoons,,sugar,sugar,
a-surprise-inside-french-toast,2 teaspoons vanilla extract,2,teaspoons,,vanilla,flavor,spice
a-surprise-inside-french-toast,cooking spray,,,,cooking spray,fat,
almond-french-toast,1/2 teaspoon almond extract,0.5,teaspoons,,almond extract,flavor,spice
almond-french-toast,1 cup slivered almonds,1,cups,,almonds,nut,
almond-french-toast,1/2 teaspoon baking powder,0.5,teaspoons,,baking powder,other,
almond-french-toast,"3 tablespoons butter, confectioners' sugar for dusting",3,tablespoons,,butter,fat,
almond-french-toast,"3 tablespoons butter, confectioners' sugar for dusting",,,,confectioners sugar,sugar,
almond-french-toast,3 eggs,3,,,eggs,eggs,
almond-french-toast,3 tablespoons all-purpose flour,3,tablespoons,,flour,other,
almond-french-toast,12 thick slices french bread,12,slices,,french bread,bread,
almond-french-toast,1 cup milk,1,cups,,milk,milkcream,
almond-french-toast,3 tablespoons canola oil,3,tablespoons,,oil,fat,
almond-french-toast,1/4 teaspoon salt,0.25,teaspoons,,salt,flavor,spice
almond-french-toast,1 teaspoon vanilla extract,1,teaspoons,,vanilla,flavor,spice
apple-cinnamon-french-toast,"3 medium apples, peeled, cored, and cut into 1/8-inch-thick slices",3,slices,,apples,fruit,
apple-cinnamon-french-toast,"6 slices cinnamon swirl bread, confectioners' sugar (optional)",6,slices,,cinnamon bread,bread,
apple-cinnamon-french-toast,"6 slices cinnamon swirl bread, confectioners' sugar (optional)",,,,confectioners sugar,sugar,
apple-cinnamon-french-toast,pam\xae no-stick cooking spray,,,,cooking spray,fat,
apple-cinnamon-french-toast,1/2 cup egg beaters\xae original,0.5,cups,,egg whites,eggs,
apple-cinnamon-french-toast,3 tablespoons maple flavored pancake syrup,3,tablespoons,,maple flavored syrup,syrup,
apple-cinnamon-french-toast,1/4 cup fat free milk,0.25,cups,,skim milk,milkcream,
apple-pie-french-toast,"4 apples, peeled and thinly sliced",4,,,apples,fruit,
apple-pie-french-toast,1 loaf thick-cut bread,1,loaves,,bread,bread,
apple-pie-french-toast,1/2 cup brown sugar,0.5,cups,,brown sugar,sugar,
apple-pie-french-toast,1/2 cup butter,0.5,cups,,butter,fat,
apple-pie-french-toast,1/2 cup frozen butter,0.5,cups,,butter,fat,
apple-pie-french-toast,1/2 teaspoon ground cinnamon,0.5,teaspoons,,cinnamon,flavor,spice
apple-pie-french-toast,9 eggs,9,,,eggs,eggs,
apple-pie-french-toast,2 1/2 tablespoons all-purpose flour,1,tablespoons,,flour,other,
apple-pie-french-toast,"1 teaspoon lemon juice, or as needed (optional)",1,teaspoons,,lemon juice,flavor,liquid
apple-pie-french-toast,1/4 cup milk,0.25,cups,,milk,milkcream,
apple-pie-french-toast,1/2 cup white sugar,0.5,cups,,sugar,sugar,
apple-pie-french-toast,1/2 teaspoon vanilla extract,0.5,teaspoons,,vanilla,flavor,spice
apple-pie-french-toast,1/4 cup water,0.25,cups,,water,other,
applesauce-french-toast,1/4 cup applesauce,0.25,cups,,applesauce,spread,
applesauce-french-toast,6 slices bread,6,slices,,bread,bread,
applesauce-french-toast,1 teaspoon ground cinnamon,1,teaspoons,,cinnamon,flavor,spice
applesauce-french-toast,2 eggs,2,,,eggs,eggs,
applesauce-french-toast,3/4 cup milk,0.75,cups,,milk,milkcream,
applesauce-french-toast,2 tablespoons white sugar,2,tablespoons,,sugar,sugar,
applesauce-french-toast,lightly greased,,,,butter,fat,
apres-ski-french-toast,2 teaspoons light butter,2,teaspoons,,butter,fat,
apres-ski-french-toast,1/2 teaspoon ground cinnamon,0.5,teaspoons,,cinnamon,flavor,spice
apres-ski-french-toast,2 eggs,2,,,eggs,eggs,
apres-ski-french-toast,3/4 cup milk,0.75,cups,,milk,milkcream,
apres-ski-french-toast,4 slices multigrain bread,4,slices,,multigrain bread,bread,
apres-ski-french-toast,1/4 tablespoon ground nutmeg,0.25,tablespoons,,nutmeg,flavor,spice
apres-ski-french-toast,1 teaspoon orange juice,1,teaspoons,,orange juice,flavor,liquid
apres-ski-french-toast,2 teaspoons grated orange zest,2,teaspoons,,orange zest,flavor,zest
apres-ski-french-toast,1/4 teaspoon salt,0.25,teaspoons,,salt,flavor,spice
apres-ski-french-toast,1 teaspoon white sugar,1,teaspoons,,sugar,sugar,
apres-ski-french-toast,1 teaspoon vanilla extract,1,teaspoons,,vanilla,flavor,spice
bacon-crusted-fruit-stuffed-french-toast,"4 slices bacon, filling:",4,slices,,bacon,meat,
bacon-crusted-fruit-stuffed-french-toast,"4 slices bread, egg wash:",4,slices,,bread,bread,
bacon-crusted-fruit-stuffed-french-toast,"2 tablespoons butter, at room temperature",2,tablespoons,,butter,fat,
bacon-crusted-fruit-stuffed-french-toast,2 tablespoons butter,2,tablespoons,,butter,fat,
bacon-crusted-fruit-stuffed-french-toast,1/2 cup coconut milk,0.5,cups,,coconut milk,milkcream,
bacon-crusted-fruit-stuffed-french-toast,"1/2 (8 ounce) package cream cheese, softened",4,ounces,,cream cheese,dairy,cheese
bacon-crusted-fruit-stuffed-french-toast,3 eggs,3,,,eggs,eggs,
bacon-crusted-fruit-stuffed-french-toast,1/2 teaspoon lemon juice,0.5,teaspoons,,lemon juice,flavor,liquid
bacon-crusted-fruit-stuffed-french-toast,"1 sprig mint leaves, slivered",1,,,mint,flavor,herb
bacon-crusted-fruit-stuffed-french-toast,1 dash ground nutmeg,1,dashes,,nutmeg,flavor,spice
bacon-crusted-fruit-stuffed-french-toast,1 dash salt,1,dashes,,salt,flavor,spice
bacon-crusted-fruit-stuffed-french-toast,"4 strawberries, diced, or more to taste",4,,,strawberries,fruit,
bacon-crusted-fruit-stuffed-french-toast,2 tablespoons white sugar,2,tablespoons,,sugar,sugar,
bacon-crusted-fruit-stuffed-french-toast,1/2 teaspoon vanilla extract,0.5,teaspoons,,vanilla,flavor,spice
banana-and-nutella-french-toast,"1 banana, sliced",1,,,bananas,fruit,
banana-and-nutella-french-toast,4 slices bread,4,slices,,bread,bread,
banana-and-nutella-french-toast,2 tablespoons butter,2,tablespoons,,butter,fat,
banana-and-nutella-french-toast,1/4 cup chocolate milk,0.25,cups,,chocolate milk,milkcream,
banana-and-nutella-french-toast,1/2 teaspoon ground cinnamon,0.5,teaspoons,,cinnamon,flavor,spice
banana-and-nutella-french-toast,"2 eggs, beaten",2,,,eggs,eggs,
banana-and-nutella-french-toast,1/4 cup chocolate-hazelnut spread (such as nutella\xae),0.25,cups,,nutella,spread,
banana-and-nutella-french-toast,1 tablespoon vanilla extract,1,tablespoons,,vanilla,flavor,spice
banana-bread-french-toast,"1 loaf banana bread, confectioners' sugar for dusting (optional)",4,slices,,banana bread,bread,
banana-bread-french-toast,"1 loaf banana bread, confectioners' sugar for dusting (optional)",,,,confectioners sugar,sugar,
banana-bread-french-toast,2 tablespoons butter,2,tablespoons,,butter,fat,
banana-bread-french-toast,3 tablespoons sweetened condensed milk,3,tablespoons,,condensed milk,milkcream,
banana-bread-french-toast,3 eggs,3,,,eggs,eggs,
banana-bread-french-toast,1 teaspoon vanilla extract,1,teaspoons,,vanilla,flavor,spice
banana-stuffed-french-toast,"2 bananas, peeled and sliced",2,,,bananas,fruit,
banana-stuffed-french-toast,"1/4 cup butter, confectioners' sugar for dusting",0.25,cups,,butter,fat,
banana-stuffed-french-toast,"1/4 cup butter, confectioners' sugar for dusting",,,,confectioners sugar,sugar,
banana-stuffed-french-toast,"3 eggs, beaten",3,,,eggs,eggs,
banana-stuffed-french-toast,"1 (1 pound) loaf french bread, cut into 1 inch slices",1,pound,"1"" slices",french bread,bread,
banana-stuffed-french-toast,1 tablespoon milk,1,tablespoons,,milk,milkcream,
banana-stuffed-french-toast,1 tablespoon orange liqueur,1,tablespoons,,orange liqueur,flavor,liquid
banana-stuffed-french-toast,1 teaspoon grated orange zest,1,teaspoons,,orange zest,flavor,zest
banana-stuffed-french-toast,1 teaspoon vanilla extract,1,teaspoons,,vanilla,flavor,spice
banana-stuffed-french-toast,1 teaspoon water,1,teaspoons,,water,other,
captains-crunch-french-toast,2 tablespoons butter,2,tablespoons,,butter,fat,
captains-crunch-french-toast,"1/2 (14 ounce) package brown sugar and butter flavored crispy corn and oat breakfast cereal (such as cap\u2019n crunch\xae), crushed",7,ounces,,cereal,cereal,
captains-crunch-french-toast,6 thick slices egg bread (challah),6,slices,,challah,bread,
captains-crunch-french-toast,1/4 teaspoon ground cinnamon,0.25,teaspoons,,cinnamon,flavor,spice
captains-crunch-french-toast,3 large eggs,3,,,eggs,eggs,
captains-crunch-french-toast,1 cup heavy cream,1,cups,,heavy cream,milkcream,
captains-crunch-french-toast,1/4 teaspoon ground nutmeg,0.25,teaspoons,,nutmeg,flavor,spice
captains-crunch-french-toast,1/2 cup 2% low-fat milk,0.5,cups,,reduced fat milk,milkcream,
captains-crunch-french-toast,2 1/2 tablespoons white sugar,1,tablespoons,,sugar,sugar,
captains-crunch-french-toast,1/2 teaspoon vanilla extract,0.5,teaspoons,,vanilla,flavor,spice
caramelized-french-toast,8 slices bread,8,slices,,bread,bread,
caramelized-french-toast,1 cup brown sugar,1,cups,,brown sugar,sugar,
caramelized-french-toast,"4 tablespoons butter, divided",4,tablespoons,,butter,fat,
caramelized-french-toast,6 eggs,6,,,eggs,eggs,
caramelized-french-toast,1/2 cup milk,0.5,cups,,milk,milkcream,
caramelized-french-toast,1/8 teaspoon salt,0.13,teaspoons,,salt,flavor,spice
caramelized-french-toast,1/2 cup water,0.5,cups,,water,other,
challah-french-toast-with-berry-sauce,"3 1/2 tablespoons unsalted butter, for berry sauce:",1.5,tablespoons,,butter,fat,
challah-french-toast-with-berry-sauce,"1 (1 pound) challah loaf, cut crosswise into 1/2-inch-thick slices (not including end pieces)",12,slices,"0.5"" slices",challah,bread,
challah-french-toast-with-berry-sauce,3 large eggs,3,,,eggs,eggs,
challah-french-toast-with-berry-sauce,"1 tablespoon fresh lemon juice, garnish: confectioners sugar for dusting",1,tablespoons,,lemon juice,flavor,liquid
challah-french-toast-with-berry-sauce,"1 tablespoon fresh lemon juice, garnish: confectioners sugar for dusting",,,,confectioners sugar,sugar,
challah-french-toast-with-berry-sauce,"3 cups mixed berries such as blackberries, raspberries, and blueberries",3,cups,,mixed berries,fruit,
challah-french-toast-with-berry-sauce,1/4 teaspoon salt,0.25,teaspoons,,salt,flavor,spice
challah-french-toast-with-berry-sauce,1/3 cup sugar,0.33,cups,,sugar,sugar,
challah-french-toast-with-berry-sauce,1 teaspoon sugar,1,teaspoons,,sugar,sugar,
challah-french-toast-with-berry-sauce,1 cup whole milk,1,cups,,whole milk,milkcream,
cheddar-french-toast-with-dried-fruit-syrup,1 (7 ounce) bag diced dried mixed fruit,7,ounces,,dried fruit,fruit dried,
cheddar-french-toast-with-dried-fruit-syrup,4 eggs,4,,,eggs,eggs,
cheddar-french-toast-with-dried-fruit-syrup,12 slices italian or french bread (cut diagonally 1-inch thick),12,slices,"1"" slices",italian bread,bread,
cheddar-french-toast-with-dried-fruit-syrup,1 1/2 cups maple syrup,0.5,cups,,maple syrup,syrup,
cheddar-french-toast-with-dried-fruit-syrup,2 cups milk,2,cups,,milk,milkcream,
cheddar-french-toast-with-dried-fruit-syrup,1/4 teaspoon salt,0.25,teaspoons,,salt,flavor,spice
cheddar-french-toast-with-dried-fruit-syrup,1 1/3 cups shredded sharp cheddar cheese,0.33,cups,,sharp cheddar cheese,dairy,cheese
cheddar-french-toast-with-dried-fruit-syrup,1/4 cup chopped walnuts,0.25,cups,,walnuts,nut,
cheddar-french-toast-with-dried-fruit-syrup,greased,,,,butter,fat,
cheesy-french-toast,"1 french baguette, cut into 1/2 inch slices",1,baguette,"0.5"" slices",baguette,bread,
cheesy-french-toast,4 teaspoons butter,4,teaspoons,,butter,fat,
cheesy-french-toast,1 tablespoon chopped fresh chives,1,tablespoons,,chives,flavor,bulb
cheesy-french-toast,"4 eggs, beaten",4,,,eggs,eggs,
cheesy-french-toast,8 ounces sliced ham,8,ounces,,ham,meat,
cheesy-french-toast,1/4 cup milk,0.25,cups,,milk,milkcream,
cheesy-french-toast,1 cup shredded swiss cheese,1,cups,,swiss cheese,dairy,cheese
cheesy-french-toast,1 cup tomato chutney,1,cups,,tomato chutney,spread,
chef-johns-french-toast,1/4 teaspoon ground allspice,0.25,teaspoons,,allspice,flavor,spice
chef-johns-french-toast,"1 tablespoon butter, or as needed",1,tablespoons,,butter,fat,
chef-johns-french-toast,1/2 teaspoon ground cinnamon,0.5,teaspoons,,cinnamon,flavor,spice
chef-johns-french-toast,2 eggs,2,,,eggs,eggs,
chef-johns-french-toast,6 (1 inch thick) slices french bread,6,slices,"1"" slices",french bread,bread,
chef-johns-french-toast,1/2 cup milk,0.5,cups,,milk,milkcream,
chef-johns-french-toast,1 pinch salt,1,pinches,,salt,flavor,spice
chef-johns-french-toast,1 teaspoon vanilla extract,1,teaspoons,,vanilla,flavor,spice
chocolate-banana-french-toast,"2 ripe bananas, well mashed",2,,,bananas,fruit,
chocolate-banana-french-toast,sliced bananas and strawberries,,,,bananas,fruit,
chocolate-banana-french-toast,10 slices bread,10,slices,,bread,bread,
chocolate-banana-french-toast,butter or cooking oil,,,,butter,fat,
chocolate-banana-french-toast,2/3 cup chocolate milk,0.67,cups,,chocolate milk,milkcream,
chocolate-banana-french-toast,"maple syrup, chocolate syrup",,,,chocolate syrup,syrup,
chocolate-banana-french-toast,5 eggs,5,,,eggs,eggs,
chocolate-banana-french-toast,jam,,,,jam,spread,
chocolate-banana-french-toast,"maple syrup, chocolate syrup",,,,maple syrup,syrup,
chocolate-banana-french-toast,sliced bananas and strawberries,,,,strawberries,fruit,
chocolate-french-toast,"12 slices day old bread, crusts removed",12,slices,,bread,bread,
chocolate-french-toast,"2 tablespoons butter or margarine, confectioners' sugar",2,tablespoons,,butter,fat,
chocolate-french-toast,"2 tablespoons butter or margarine, confectioners' sugar",,,,confectioners sugar,sugar,
chocolate-french-toast,"3 (1.55 ounce) bars milk chocolate candy bars*, halved",3,ounces,,choclate bar,flavor,choclate
chocolate-french-toast,3 eggs,3,,,eggs,eggs,
chocolate-french-toast,1 cup milk,1,cups,,milk,milkcream,
chocolate-french-toast,1/4 teaspoon salt,0.25,teaspoons,,salt,flavor,spice
chocolate-french-toast,1 teaspoon sugar,1,teaspoons,,sugar,sugar,
chocolate-french-toast,1 teaspoon vanilla extract,1,teaspoons,,vanilla,flavor,spice
chucks-molasses-french-toast,1/4 cup butter,0.25,cups,,butter,fat,
chucks-molasses-french-toast,12 thick slices challah bread,12,slices,,challah,bread,
chucks-molasses-french-toast,"1 pinch ground cinnamon, or more to taste",1,pinches,,cinnamon,flavor,spice
chucks-molasses-french-toast,4 eggs,4,,,eggs,eggs,
chucks-molasses-french-toast,1 pinch ground ginger,1,pinches,,ginger,flavor,bulb
chucks-molasses-french-toast,1/2 cup heavy cream,0.5,cups,,heavy cream,milkcream,
chucks-molasses-french-toast,3 tablespoons molasses,3,tablespoons,,molasses,syrup,
chucks-molasses-french-toast,1 teaspoon vanilla extract,1,teaspoons,,vanilla,flavor,spice
cinnamon-accented-french-toast,6 slices bread,6,slices,,bread,bread,
cinnamon-accented-french-toast,1 teaspoon ground cinnamon,1,teaspoons,,cinnamon,flavor,spice
cinnamon-accented-french-toast,"3 eggs, beaten",3,,,eggs,eggs,
cinnamon-accented-french-toast,1 teaspoon milk,1,teaspoons,,milk,milkcream,
cinnamon-accented-french-toast,1/4 teaspoon salt,0.25,teaspoons,,salt,flavor,spice
cinnamon-accented-french-toast,2 teaspoons white sugar,2,teaspoons,,sugar,sugar,
cinnamon-accented-french-toast,heat skillet over medium high heat,,,,butter,fat,
cinnamon-and-sugar-french-waffle-toast,1 teaspoon cinnamon,1,teaspoons,,cinnamon,flavor,spice
cinnamon-and-sugar-french-waffle-toast,"4 eggs, beaten",4,,,eggs,eggs,
cinnamon-and-sugar-french-waffle-toast,1 cup milk,1,cups,,milk,milkcream,
cinnamon-and-sugar-french-waffle-toast,2 tablespoons white sugar,2,tablespoons,,sugar,sugar,
cinnamon-and-sugar-french-waffle-toast,2 teaspoons vanilla extract,2,teaspoons,,vanilla,flavor,spice
cinnamon-and-sugar-french-waffle-toast,9 slices white bread,9,slices,,white bread,bread,
cinnamon-and-sugar-french-waffle-toast,cooking spray,,,,cooking spray,fat,
cinnamon-french-toast,1/8 teaspoon ground cinnamon,0.13,teaspoons,,cinnamon,flavor,spice
cinnamon-french-toast,1/2 cup fat-free egg substitute,0.5,cups,,egg substitute,eggs,
cinnamon-french-toast,1/2 cup evaporated skim milk,0.5,cups,,evaporated milk,milkcream,
cinnamon-french-toast,1/8 teaspoon grated nutmeg,0.13,teaspoons,,nutmeg,flavor,spice
cinnamon-french-toast,2 teaspoons canola oil,2,teaspoons,,oil,fat,
cinnamon-french-toast,"3 peaches, sliced",3,,,peaches,fruit,
cinnamon-french-toast,1 cup raspberries,1,cups,,raspberries,fruit,
cinnamon-french-toast,8 slices whole-wheat or whole-grain bread,8,slices,,whole bread,bread,
cinnamon-raisin-stuffed-french-toast,"1 teaspoon butter, or as needed",1,teaspoons,,butter,fat,
cinnamon-raisin-stuffed-french-toast,1/8 teaspoon ground cinnamon,0.13,teaspoons,,cinnamon,flavor,spice
cinnamon-raisin-stuffed-french-toast,1/8 teaspoon ground cinnamon,0.13,teaspoons,,cinnamon,flavor,spice
cinnamon-raisin-stuffed-french-toast,8 slices raisin cinnamon bread (such as pepperidge farm\xae),8,slices,,cinnamon raisin bread,bread,
cinnamon-raisin-stuffed-french-toast,"4 ounces cream cheese, softened",4,ounces,,cream cheese,dairy,cheese
cinnamon-raisin-stuffed-french-toast,2 eggs,2,,,eggs,eggs,
cinnamon-raisin-stuffed-french-toast,3 tablespoons milk,3,tablespoons,,milk,milkcream,
cinnamon-raisin-stuffed-french-toast,1 tablespoon white sugar,1,tablespoons,,sugar,sugar,
crunchy-raisin-bread-french-toast,2 cups whole grain wheat and barley cereal or coarsely crushed bran flakes,2,cups,,cereal,cereal,
crunchy-raisin-bread-french-toast,3/4 cup egg substitute,0.75,cups,,egg substitute,eggs,
crunchy-raisin-bread-french-toast,1/8 teaspoon ground nutmeg,0.13,teaspoons,,nutmeg,flavor,spice
crunchy-raisin-bread-french-toast,2 tablespoons powdered sugar,2,tablespoons,,powdered sugar,sugar,
crunchy-raisin-bread-french-toast,"8 slices sun-maid\xae raisin bread, powdered sugar for topping (optional)",8,slices,,raisin bread,bread,
crunchy-raisin-bread-french-toast,1/3 cup skim milk,0.33,cups,,skim milk,milkcream,
crunchy-raisin-bread-french-toast,1 teaspoon vanilla,1,teaspoons,,vanilla,flavor,spice
crunchy-raisin-bread-french-toast,cooking spray,,,,cooking spray,fat,
crunchy-stuffed-french-toast,1/2 teaspoon archer farms\u2122 cinnamon,0.5,teaspoons,,cinnamon,flavor,spice
crunchy-stuffed-french-toast,1/2 cup cream cheese spread,0.5,cups,,cream cheese,dairy,cheese
crunchy-stuffed-french-toast,6 eggs,6,,,eggs,eggs,
crunchy-stuffed-french-toast,1/2 cup milk,0.5,cups,,milk,milkcream,
crunchy-stuffed-french-toast,"2 cups archer farms\u2122 muesli cereal, crushed",2,cups,,muesli cereal,cereal,
crunchy-stuffed-french-toast,1/2 cup archer farms\u2122 oregon strawberry preserves,0.5,cups,,strawberries,fruit,
crunchy-stuffed-french-toast,8 slices archer farms\u2122 100% whole wheat bread,8,slices,,whole bread,bread,
crunchy-stuffed-french-toast,cooking spray,,,,cooking spray,fat,
cutters-french-toast,2 tablespoons ground cinnamon,2,tablespoons,,cinnamon,flavor,spice
cutters-french-toast,1/4 cup egg substitute,0.25,cups,,egg substitute,eggs,
cutters-french-toast,1 cup 1% fat milk,1,cups,,low fat milk,milkcream,
cutters-french-toast,"1/4 cup splenda\xae no calorie sweetener, granulated",0.25,cups,,sugar,sugar,
cutters-french-toast,"10 slices whole wheat bread, sugar free maple syrup (optional)",10,slices,,whole bread,bread,
cutters-french-toast,preheated skillett,,,,cooking spray,fat,
deep-fried-french-toast,6 eggs,6,,,eggs,eggs,
deep-fried-french-toast,1 cup all-purpose flour,1,cups,,flour,other,
deep-fried-french-toast,8 thick slices (1-inch thick) french bread,8,slices,"1"" slices",french bread,bread,
deep-fried-french-toast,2 cups milk,2,cups,,milk,milkcream,
deep-fried-french-toast,2 quarts vegetable oil for frying,2,quarts,,oil,fat,
deep-fried-french-toast,1/4 teaspoon salt,0.25,teaspoons,,salt,flavor,spice
deep-fried-french-toast,5 1/2 teaspoons white sugar,2.5,teaspoons,,sugar,sugar,
easy-french-toast,2 slices bread,2,slices,,bread,bread,
easy-french-toast,1 tablespoon ground cinnamon,1,tablespoons,,cinnamon,flavor,spice
easy-french-toast,1 egg,1,,,eggs,eggs,
easy-french-toast,3/4 cup milk,0.75,cups,,milk,milkcream,
easy-french-toast,1 pinch salt,1,pinches,,salt,flavor,spice
easy-french-toast,1 teaspoon vanilla extract,1,teaspoons,,vanilla,flavor,spice
easy-french-toast,lightly oiled,,,,cooking spray,fat,
easy-french-toast-waffles,4 pieces 1/2-inch thick pieces brioche,4,slices,"0.5"" slices",brioche,bread,
easy-french-toast-waffles,cooking spray,,,,cooking spray,fat,
easy-french-toast-waffles,2 large eggs,2,,,eggs,eggs,
easy-french-toast-waffles,1 tablespoon maple syrup,1,tablespoons,,maple syrup,syrup,
easy-french-toast-waffles,1 pinch salt,1,pinches,,salt,flavor,spice
easy-french-toast-waffles,1/2 teaspoon vanilla extract,0.5,teaspoons,,vanilla,flavor,spice
easy-french-toast-waffles,1/2 cup whole milk,0.5,cups,,whole milk,milkcream,
easy-pina-colada-french-toast,"2 bananas, sliced",2,,,bananas,fruit,
easy-pina-colada-french-toast,"1 tablespoon butter, or as needed",1,tablespoons,,butter,fat,
easy-pina-colada-french-toast,8 eggs,8,,,eggs,eggs,
easy-pina-colada-french-toast,12 (1/2 inch thick) slices french bread,12,slices,"0.5"" slices",french bread,bread,
easy-pina-colada-french-toast,2/3 cup milk,0.67,cups,,milk,milkcream,
easy-pina-colada-french-toast,1/2 cup bottled pina colada drink mix,0.5,cups,,pina colada drink mix,flavor,liquid
eggnog-cinnamon-french-toast,1 teaspoon cinnamon,1,teaspoons,,cinnamon,flavor,spice
eggnog-cinnamon-french-toast,2 cups eggnog,2,cups,,eggnog,milkcream,
eggnog-cinnamon-french-toast,"2 eggs, vegetable oil cooking spray or butter or margarine",2,,,eggs,eggs,
eggnog-cinnamon-french-toast,"2 eggs, vegetable oil cooking spray or butter or margarine",,,,oil,fat,
eggnog-cinnamon-french-toast,12 slices firm white bread,12,slices,,white bread,bread,
fabulous-frosted-french-toast,1/4 cup butter,0.25,cups,,butter,fat,
fabulous-frosted-french-toast,2 teaspoons ground cinnamon,2,teaspoons,,cinnamon,flavor,spice
fabulous-frosted-french-toast,"1 (8 ounce) package fat-free cream cheese, softened",8,ounces,,cream cheese,dairy,cheese
fabulous-frosted-french-toast,6 eggs,6,,,eggs,eggs,
fabulous-frosted-french-toast,"1 (1 pound) loaf french bread, cut into 3/4 inch slices",1,pound,"0.75"" slices",french bread,bread,
fabulous-frosted-french-toast,1 1/2 cups skim milk,0.5,cups,,skim milk,milkcream,
fabulous-frosted-french-toast,2 tablespoons fat-free sour cream,2,tablespoons,,sour cream,dairy,sour cream
fabulous-frosted-french-toast,2 tablespoons white sugar,2,tablespoons,,sugar,sugar,
fabulous-frosted-french-toast,2 tablespoons white sugar,2,tablespoons,,sugar,sugar,
fabulous-frosted-french-toast,"2 tablespoons frozen whipped topping, thawed",2,tablespoons,,whipped cream,spread,
fantastic-french-toast,4 slices bread,4,slices,,bread,bread,
fantastic-french-toast,1 tablespoon butter or margarine,1,tablespoons,,butter,fat,
fantastic-french-toast,4 eggs,4,,,eggs,eggs,
fantastic-french-toast,3/4 cup maple-flavored syrup,0.75,cups,,maple flavored syrup,syrup,
fantastic-french-toast,1/4 cup milk,0.25,cups,,milk,milkcream,
fantastic-french-toast,1/2 cup jif\xae creamy peanut butter,0.5,cups,,peanut butter,spread,
fantastic-french-toast,1/4 cup chopped peanuts,0.25,cups,,peanuts,nut,
fantastic-french-toast,"1 teaspoon vanilla, dash salt",1,teaspoons,,vanilla,flavor,spice
fluffy-french-toast,12 thick slices bread,12,slices,,bread,bread,
fluffy-french-toast,1/2 teaspoon ground cinnamon,0.5,teaspoons,,cinnamon,flavor,spice
fluffy-french-toast,3 eggs,3,,,eggs,eggs,
fluffy-french-toast,1/4 cup all-purpose flour,0.25,cups,,flour,other,
fluffy-french-toast,1 cup milk,1,cups,,milk,milkcream,
fluffy-french-toast,1 pinch salt,1,pinches,,salt,flavor,spice
fluffy-french-toast,1 tablespoon white sugar,1,tablespoons,,sugar,sugar,
fluffy-french-toast,1 teaspoon vanilla extract,1,teaspoons,,vanilla,flavor,spice
fluffy-french-toast,lightly oiled,,,,cooking spray,fat,
french-toast,1 teaspoon cinnamon,1,teaspoons,,cinnamon,flavor,spice
french-toast,1  serving splash vegetable spray,,,,cooking spray,fat,
french-toast,1/2 cup egg beaters,0.5,cups,,egg whites,eggs,
french-toast,2 tablespoons skim milk,2,tablespoons,,skim milk,milkcream,
french-toast,1/2 teaspoon vanilla extract,0.5,teaspoons,,vanilla,flavor,spice
french-toast,3 slices whole-wheat bread,3,slices,,whole bread,bread,
french-toast-corners,1 tablespoon butter,1,tablespoons,,butter,fat,
french-toast-corners,1/2 teaspoon ground cinnamon,0.5,teaspoons,,cinnamon,flavor,spice
french-toast-corners,2 eggs,2,,,eggs,eggs,
french-toast-corners,2/3 cup milk,0.67,cups,,milk,milkcream,
french-toast-corners,1 teaspoon vanilla extract,1,teaspoons,,vanilla,flavor,spice
french-toast-corners,6 slices white bread,6,slices,,white bread,bread,
french-toast-i,6 thick slices bread,6,slices,,bread,bread,
french-toast-i,1/4 teaspoon ground cinnamon (optional),0.25,teaspoons,,cinnamon,flavor,spice
french-toast-i,2 eggs,2,,,eggs,eggs,
french-toast-i,2/3 cup milk,0.67,cups,,milk,milkcream,
french-toast-i,1/4 teaspoon ground nutmeg (optional),0.25,teaspoons,,nutmeg,flavor,spice
french-toast-i,"1 teaspoon vanilla extract (optional), salt to taste",1,teaspoons,,vanilla,flavor,spice
french-toast-i,lightly buttered,,,,butter,fat,
french-toast-ii,3 tablespoons brown sugar,3,tablespoons,,brown sugar,sugar,
french-toast-ii,1 tablespoon ground cinnamon,1,tablespoons,,cinnamon,flavor,spice
french-toast-ii,4 eggs,4,,,eggs,eggs,
french-toast-ii,3/4 cup milk,0.75,cups,,milk,milkcream,
french-toast-ii,1 teaspoon ground nutmeg,1,teaspoons,,nutmeg,flavor,spice
french-toast-ii,12 slices white bread,12,slices,,white bread,bread,
french-toast-ii,lightly oiled,,,,cooking spray,fat,
french-toast-stars,3 tablespoons butter,3,tablespoons,,butter,fat,
french-toast-stars,1/4 teaspoon ground cinnamon,0.25,teaspoons,,cinnamon,flavor,spice
french-toast-stars,2 eggs,2,,,eggs,eggs,
french-toast-stars,1/4 cup heavy cream,0.25,cups,,heavy cream,milkcream,
french-toast-stars,2 tablespoons honey,2,tablespoons,,honey,sugar,
french-toast-stars,1 tablespoon grated orange zest,1,tablespoons,,orange zest,flavor,zest
french-toast-stars,1/4 teaspoon salt,0.25,teaspoons,,salt,flavor,spice
french-toast-stars,1/2 teaspoon vanilla extract,0.5,teaspoons,,vanilla,flavor,spice
french-toast-stars,8 thick slices white bread,8,slices,,white bread,bread,
french-toast-with-almonds,1/2 teaspoon almond extract,0.5,teaspoons,,almond extract,flavor,spice
french-toast-with-almonds,1 cup slivered almonds,1,cups,,almonds,nut,
french-toast-with-almonds,1/2 teaspoon baking powder,0.5,teaspoons,,baking powder,other,
french-toast-with-almonds,"3 tablespoons butter, confectioners' sugar for dusting (optional)",3,tablespoons,,butter,fat,
french-toast-with-almonds,"3 tablespoons butter, confectioners' sugar for dusting (optional)",,,,confectioners sugar,sugar,
french-toast-with-almonds,1/2 cup liquid egg substitute,0.5,cups,,egg substitute,eggs,
french-toast-with-almonds,3 tablespoons all-purpose flour,3,tablespoons,,flour,other,
french-toast-with-almonds,3 tablespoons canola oil,3,tablespoons,,oil,fat,
french-toast-with-almonds,1/4 teaspoon salt,0.25,teaspoons,,salt,flavor,spice
french-toast-with-almonds,1 cup fat-free milk,1,cups,,skim milk,milkcream,
french-toast-with-almonds,1 teaspoon vanilla extract,1,teaspoons,,vanilla,flavor,spice
french-toast-with-almonds,12 slices sara lee\xae soft &amp,12,slices,,white bread,bread,
french-toast-with-maple-apples,"2 granny smith apples - peeled, cored and sliced 1/4 inch thick",2,,,apples,fruit,
french-toast-with-maple-apples,2 tablespoons unsalted butter,2,tablespoons,,butter,fat,
french-toast-with-maple-apples,1/4 teaspoon cinnamon,0.25,teaspoons,,cinnamon,flavor,spice
french-toast-with-maple-apples,3 large eggs,3,,,eggs,eggs,
french-toast-with-maple-apples,3/4 cup pure maple syrup,0.75,cups,,maple syrup,syrup,
french-toast-with-maple-apples,1/2 teaspoon freshly grated nutmeg,0.5,teaspoons,,nutmeg,flavor,spice
french-toast-with-maple-apples,2 teaspoons vegetable oil,2,teaspoons,,oil,fat,
french-toast-with-maple-apples,1 cup skim milk,1,cups,,skim milk,milkcream,
french-toast-with-maple-apples,1 teaspoon pure vanilla extract,1,teaspoons,,vanilla,flavor,spice
french-toast-with-maple-apples,8 3/4-inch-thick slices of white bread,8,slices,"0.75"" slices",white bread,bread,
french-toast-with-mixed-berries-with-truvia-natural-sweetener,1 tablespoon butter,1,tablespoons,,butter,fat,
french-toast-with-mixed-berries-with-truvia-natural-sweetener,1/2 cup fat-free egg product,0.5,cups,,egg product,eggs,
french-toast-with-mixed-berries-with-truvia-natural-sweetener,1 tablespoon truvia\xae natural sweetener spoonable,1,tablespoons,,fruit spread,spread,
french-toast-with-mixed-berries-with-truvia-natural-sweetener,"1 1/2 cups mixed fresh berries (raspberries, strawberries, blueberries), sliced if large",0.5,large,,mixed berries,fruit,
french-toast-with-mixed-berries-with-truvia-natural-sweetener,1/4 teaspoon salt,0.25,teaspoons,,salt,flavor,spice
french-toast-with-mixed-berries-with-truvia-natural-sweetener,1 cup fat-free (skim) milk,1,cups,,skim milk,milkcream,
french-toast-with-mixed-berries-with-truvia-natural-sweetener,1 teaspoon vanilla,1,teaspoons,,vanilla,flavor,spice
french-toast-with-mixed-berries-with-truvia-natural-sweetener,"6 tablespoons frozen (thawed) sugar-free whipped topping, sugar-free maple-flavored syrup, if desired",6,tablespoons,,whipped topping,spread,
french-toast-with-mixed-berries-with-truvia-natural-sweetener,6 slices flourless sprouted 100% whole grain bread,6,slices,,whole bread,bread,
french-toast-with-mixed-berries-with-truvia-natural-sweetener,"6 tablespoons frozen (thawed) sugar-free whipped topping, sugar-free maple-flavored syrup, if desired",,,,maple flavored syrup,syrup,
french-toast-with-peanut-butter-maple-syrup,2 slices bread,2,slices,,bread,bread,
french-toast-with-peanut-butter-maple-syrup,1 egg,1,,,eggs,eggs,
french-toast-with-peanut-butter-maple-syrup,1/4 cup maple syrup,0.25,cups,,maple syrup,syrup,
french-toast-with-peanut-butter-maple-syrup,2 tablespoons milk,2,tablespoons,,milk,milkcream,
french-toast-with-peanut-butter-maple-syrup,4 tablespoons peanut butter,4,tablespoons,,peanut butter,spread,
french-toast-with-peanut-butter-maple-syrup,1 teaspoon vanilla extract,1,teaspoons,,vanilla,flavor,spice
french-toast-with-peanut-butter-maple-syrup,nonstick,,,,cooking spray,fat,
german-french-toast,1 teaspoon butter,1,teaspoons,,butter,fat,
german-french-toast,2 eggs,2,,,eggs,eggs,
german-french-toast,1/2 cup milk,0.5,cups,,milk,milkcream,
german-french-toast,8 slices muenster cheese,8,slices,,muenster cheese,dairy,cheese
german-french-toast,8 slices white bread,8,slices,,white bread,bread,
gils-brioche-french-toast,1 (1 pound) loaf rectangular brioche bread,8,slices,,brioche,bread,
gils-brioche-french-toast,2 tablespoons unsalted butter,2,tablespoons,,butter,fat,
gils-brioche-french-toast,1 tablespoon confectioners' sugar (optional),1,tablespoons,,confectioners sugar,sugar,
gils-brioche-french-toast,6 eggs,6,,,eggs,eggs,
gils-brioche-french-toast,"2 cups heavy cream, divided",2,cups,,heavy cream,milkcream,
gils-brioche-french-toast,"3 cups fresh strawberries, hulled, divided",3,cups,,strawberries,fruit,
gils-brioche-french-toast,1 teaspoon vanilla extract (optional),1,teaspoons,,vanilla,flavor,spice
gils-brioche-french-toast,2 tablespoons water,2,tablespoons,,water,other,
gingerbread-french-toast,"1 tablespoon butter, or as needed",1,tablespoons,,butter,fat,
gingerbread-french-toast,1/4 teaspoon ground cinnamon,0.25,teaspoons,,cinnamon,flavor,spice
gingerbread-french-toast,1/4 teaspoon ground cloves,0.25,teaspoons,,cloves,flavor,spice
gingerbread-french-toast,2 eggs,2,,,eggs,eggs,
gingerbread-french-toast,1/8 teaspoon ground ginger,0.13,teaspoons,,ginger,flavor,bulb
gingerbread-french-toast,1/2 cup milk,0.5,cups,,milk,milkcream,
gingerbread-french-toast,1/4 teaspoon ground nutmeg,0.25,teaspoons,,nutmeg,flavor,spice
gingerbread-french-toast,2 teaspoons rum extract,2,teaspoons,,rum extract,flavor,spice
gingerbread-french-toast,1 teaspoon salt,1,teaspoons,,salt,flavor,spice
gingerbread-french-toast,1 tablespoon white sugar,1,tablespoons,,sugar,sugar,
gingerbread-french-toast,4 slices white bread,4,slices,,white bread,bread,
granola-peanut-butter-french-toast,4 eggs,4,,,eggs,eggs,
granola-peanut-butter-french-toast,4 nature valley\xae peanut butter crunchy granola bars,4,,,granola bars,other,
granola-peanut-butter-french-toast,6 tablespoons marshmallow creme,6,tablespoons,,marshmallow creme,spread,
granola-peanut-butter-french-toast,1/4 cup milk,0.25,cups,,milk,milkcream,
granola-peanut-butter-french-toast,12 tablespoons creamy peanut butter,12,tablespoons,,peanut butter,spread,
granola-peanut-butter-french-toast,2 cups reese's\xae puffs\xae cereal,2,cups,,reeses puff cereal,cereal,
granola-peanut-butter-french-toast,1 teaspoon vanilla,1,teaspoons,,vanilla,flavor,spice
granola-peanut-butter-french-toast,12 slices white or wheat sandwich bread or slightly firm bread,12,slices,,white bread,bread,
granola-peanut-butter-french-toast,cooking spray,,,,cooking spray,fat,
haitian-french-toast,1 french baguette,1,baguette,1.5” slices,baguette,bread,
haitian-french-toast,3 tablespoons butter,3,tablespoons,,butter,fat,
haitian-french-toast,1 teaspoon ground cinnamon,1,teaspoons,,cinnamon,flavor,spice
haitian-french-toast,2 tablespoons confectioners' sugar for dusting,2,tablespoons,,confectioners sugar,sugar,
haitian-french-toast,2 eggs,2,,,eggs,eggs,
haitian-french-toast,1/2 cup heavy whipping cream,0.5,cups,,heavy cream,milkcream,
haitian-french-toast,1 dash ground nutmeg,1,dashes,,nutmeg,flavor,spice
haitian-french-toast,1 cup orange juice,1,cups,,orange juice,flavor,liquid
haitian-french-toast,1/4 cup white sugar,0.25,cups,,sugar,sugar,
ham-and-provolone-stuffed-french-toast,2 teaspoons unsalted butter,2,teaspoons,,butter,fat,
ham-and-provolone-stuffed-french-toast,"1 large egg, beaten",1,,,eggs,eggs,
ham-and-provolone-stuffed-french-toast,2 ounces thinly sliced deli honey baked ham,2,ounces,,ham,meat,
ham-and-provolone-stuffed-french-toast,1/4 cup pure maple syrup,0.25,cups,,maple syrup,syrup,
ham-and-provolone-stuffed-french-toast,1/4 cup milk,0.25,cups,,milk,milkcream,
ham-and-provolone-stuffed-french-toast,1/8 teaspoon ground nutmeg,0.13,teaspoons,,nutmeg,flavor,spice
ham-and-provolone-stuffed-french-toast,4 slices sargento\xae sliced reduced sodium provolone cheese,4,slices,,provolone cheese,dairy,cheese
ham-and-provolone-stuffed-french-toast,4 slices lower sodium rye or millet bread,4,slices,,rye bread,bread,
hazelnut-french-toast,12 pieces brioche (about 1 1/2-inch thick),12,slices,"1.5"" slices",brioche,bread,
hazelnut-french-toast,"2 tablespoons butter, divided, or more as needed",2,tablespoons,,butter,fat,
hazelnut-french-toast,1 cup beaten eggs,1,cups,,eggs,eggs,
hazelnut-french-toast,1 cup half-and-half,1,cups,,half-and-half,milkcream,
hazelnut-french-toast,2 tablespoons hazelnut liqueur (such as frangelico\xae),2,tablespoons,,hazelnut liqueur,flavor,liquid
hazelnut-french-toast,"1 cup toasted hazelnuts, chopped",1,cups,,hazelnuts,nut,
hazelnut-french-toast,"1/2 cup maple syrup, or to taste",0.5,cups,,maple syrup,syrup,
incredibly-sweet-and-aromatic-french-toast,1/2 teaspoon ground allspice,0.5,teaspoons,,allspice,flavor,spice
incredibly-sweet-and-aromatic-french-toast,"1 tablespoon butter, or as needed",1,tablespoons,,butter,fat,
incredibly-sweet-and-aromatic-french-toast,1/2 teaspoon ground cinnamon,0.5,teaspoons,,cinnamon,flavor,spice
incredibly-sweet-and-aromatic-french-toast,"2 tablespoons confectioners' sugar, or as needed (optional)",2,tablespoons,,confectioners sugar,sugar,
incredibly-sweet-and-aromatic-french-toast,3 eggs,3,,,eggs,eggs,
incredibly-sweet-and-aromatic-french-toast,2 cups milk,2,cups,,milk,milkcream,
incredibly-sweet-and-aromatic-french-toast,1/2 cup white sugar,0.5,cups,,sugar,sugar,
incredibly-sweet-and-aromatic-french-toast,12 thick slices texas toast,12,slices,,texas toast,bread,
incredibly-sweet-and-aromatic-french-toast,1 teaspoon vanilla extract,1,teaspoons,,vanilla,flavor,spice
italian-french-toast,6 eggs,6,,,eggs,eggs,
italian-french-toast,"1 clove garlic, crushed",1,clove,,garlic,flavor,bulb
italian-french-toast,1/2 cup milk,0.5,cups,,milk,milkcream,
italian-french-toast,6 ounces mozzarella cheese,6,ounces,,mozzarella cheese,dairy,cheese
italian-french-toast,1 cup vegetable oil for frying,1,cups,,oil,fat,
italian-french-toast,2 teaspoons dried parsley,2,teaspoons,,parsley,flavor,herb
italian-french-toast,12 slices white sandwich bread,12,slices,,white bread,bread,
jacks-french-toast,4 slices bread,4,slices,,bread,bread,
jacks-french-toast,1 egg,1,,,eggs,eggs,
jacks-french-toast,1 cup milk,1,cups,,milk,milkcream,
jacks-french-toast,1 cup oil for frying,1,cups,,oil,fat,
jacks-french-toast,1 teaspoon vanilla extract,1,teaspoons,,vanilla,flavor,spice
kerrys-french-toast,1/4 teaspoon ground allspice,0.25,teaspoons,,allspice,flavor,spice
kerrys-french-toast,1/2 cup brown sugar,0.5,cups,,brown sugar,sugar,
kerrys-french-toast,1/4 cup butter,0.25,cups,,butter,fat,
kerrys-french-toast,8 (1/2 inch) slices egg bread,8,slices,"0.5"" slices",challah,bread,
kerrys-french-toast,1/2 teaspoon ground cinnamon,0.5,teaspoons,,cinnamon,flavor,spice
kerrys-french-toast,1 cup softened cream cheese,1,cups,,cream cheese,dairy,cheese
kerrys-french-toast,"6 extra large eggs, beaten",6,,,eggs,eggs,
kerrys-french-toast,1/4 cup milk,0.25,cups,,milk,milkcream,
kerrys-french-toast,1/2 teaspoon ground nutmeg,0.5,teaspoons,,nutmeg,flavor,spice
mascarpone-stuffed-french-toast-with-peaches,"2 teaspoons butter, or as needed",2,teaspoons,,butter,fat,
mascarpone-stuffed-french-toast-with-peaches,1/2 teaspoon ground cinnamon,0.5,teaspoons,,cinnamon,flavor,spice
mascarpone-stuffed-french-toast-with-peaches,6 tablespoons confectioners' sugar,6,tablespoons,,confectioners sugar,sugar,
mascarpone-stuffed-french-toast-with-peaches,6 eggs,6,,,eggs,eggs,
mascarpone-stuffed-french-toast-with-peaches,"1 lemon, zested",1,,,lemon zest,flavor,zest
mascarpone-stuffed-french-toast-with-peaches,1 cup mascarpone cheese,1,cups,,mascarpone cheese,dairy,cheese
mascarpone-stuffed-french-toast-with-peaches,4 mexican bolillo rolls,4,rolls,1.25” slices,mexican bolillo rolls,bread,
mascarpone-stuffed-french-toast-with-peaches,3/4 cup milk,0.75,cups,,milk,milkcream,
mascarpone-stuffed-french-toast-with-peaches,4 pinches ground nutmeg,4,pinches,,nutmeg,flavor,spice
mascarpone-stuffed-french-toast-with-peaches,"2 teaspoons vegetable oil, or as needed",2,teaspoons,,oil,fat,
mascarpone-stuffed-french-toast-with-peaches,8 fresh peaches,8,,,peaches,fruit,
mascarpone-stuffed-french-toast-with-peaches,1/2 cup sugar,0.5,cups,,sugar,sugar,
mascarpone-stuffed-french-toast-with-peaches,1/2 teaspoon vanilla extract,0.5,teaspoons,,vanilla,flavor,spice
mccormick-stuffed-french-toast,1/2 cup apricot preserves or jam,0.5,cups,,apricot jam,spread,
mccormick-stuffed-french-toast,1 tablespoon brown sugar,1,tablespoons,,brown sugar,sugar,
mccormick-stuffed-french-toast,"2 tablespoons butter, divided",2,tablespoons,,butter,fat,
mccormick-stuffed-french-toast,"3 teaspoons mccormick\xae cinnamon, ground, divided",3,teaspoons,,cinnamon,flavor,spice
mccormick-stuffed-french-toast,1 (8 ounce) tub whipped cream cheese,8,ounces,,cream cheese,dairy,cheese
mccormick-stuffed-french-toast,5 eggs,5,,,eggs,eggs,
mccormick-stuffed-french-toast,16 (1/2 inch thick) slices italian bread,16,slices,"0.5"" slices",italian bread,bread,
mccormick-stuffed-french-toast,1 cup milk,1,cups,,milk,milkcream,
mccormick-stuffed-french-toast,"1 1/2 teaspoons mccormick\xae pure vanilla extract, divided",0.5,teaspoons,,vanilla,flavor,spice
nutella-stuffed-french-toast,4 slices cinnamon bread (such as pepperidge farm\xae),4,slices,,cinnamon bread,bread,
nutella-stuffed-french-toast,"1 large egg, beaten",1,,,eggs,eggs,
nutella-stuffed-french-toast,1/4 cup milk,0.25,cups,,milk,milkcream,
nutella-stuffed-french-toast,"2 tablespoons chocolate-hazelnut spread (such as nutella\xae), or more to taste",2,tablespoons,,nutella,spread,
nutella-stuffed-french-toast,"1/4 teaspoon vanilla extract, cooking spray",0.25,teaspoons,,vanilla,flavor,spice
nutella-stuffed-french-toast,"1/4 teaspoon vanilla extract, cooking spray",,,,cooking spray,fat,
original-recipe-french-toast,"1/4 teaspoon ground cinnamon, butter or oil for frying, maple syrup",,,,butter,fat,
original-recipe-french-toast,"1/4 teaspoon ground cinnamon, butter or oil for frying, maple syrup",0.25,teaspoons,,cinnamon,flavor,spice
original-recipe-french-toast,4 large eggs,4,,,eggs,eggs,
original-recipe-french-toast,4 (1 inch thick) slices king's hawaiian\xae sweet bread,4,slices,"1"" slices",hawaiian bread rolls,bread,
original-recipe-french-toast,1/2 cup milk,0.5,cups,,milk,milkcream,
original-recipe-french-toast,"1/4 teaspoon ground cinnamon, butter or oil for frying, maple syrup",,,,syrup,syrup,
original-recipe-french-toast,1/2 teaspoon vanilla,0.5,teaspoons,,vanilla,flavor,spice
patriotic-french-toast,1 cup fresh blueberries,1,cups,,blueberries,fruit,
patriotic-french-toast,8 thick slices bread,8,slices,,bread,bread,
patriotic-french-toast,2 tablespoons butter,2,tablespoons,,butter,fat,
patriotic-french-toast,1/2 teaspoon ground cinnamon,0.5,teaspoons,,cinnamon,flavor,spice
patriotic-french-toast,2 cups confectioners' sugar,2,cups,,confectioners sugar,sugar,
patriotic-french-toast,"1 (8 ounce) package cream cheese, softened",8,ounces,,cream cheese,dairy,cheese
patriotic-french-toast,"2 eggs, beaten",2,,,eggs,eggs,
patriotic-french-toast,2 cups milk,2,cups,,milk,milkcream,
patriotic-french-toast,"1 (10 ounce) package frozen strawberries, thawed",10,ounces,,strawberries,fruit,
patriotic-french-toast,1 teaspoon vanilla extract,1,teaspoons,,vanilla,flavor,spice
pbj-french-toast,12 slices challah bread,12,slices,,challah,bread,
pbj-french-toast,4 eggs,4,,,eggs,eggs,
pbj-french-toast,6 tablespoons mixed berry jam,6,tablespoons,,jam,spread,
pbj-french-toast,1 cup milk,1,cups,,milk,milkcream,
pbj-french-toast,"1 tablespoon vegetable oil, or as needed",1,tablespoons,,oil,fat,
pbj-french-toast,6 tablespoons peanut butter,6,tablespoons,,peanut butter,spread,
pbj-french-toast,2 tablespoons raspberry-flavored liqueur,2,tablespoons,,raspberry liqueur,flavor,liquid
pbj-french-toast,1/4 cup white sugar,0.25,cups,,sugar,sugar,
pbj-french-toast,1/2 teaspoon vanilla extract,0.5,teaspoons,,vanilla,flavor,spice
peanut-butter-and-jelly-french-toast,12 slices bread,12,slices,,bread,bread,
peanut-butter-and-jelly-french-toast,2 tablespoons butter or margarine,2,tablespoons,,butter,fat,
peanut-butter-and-jelly-french-toast,3 eggs,3,,,eggs,eggs,
peanut-butter-and-jelly-french-toast,6 tablespoons jelly or jam,6,tablespoons,,jam,spread,
peanut-butter-and-jelly-french-toast,3/4 cup milk,0.75,cups,,milk,milkcream,
peanut-butter-and-jelly-french-toast,3/4 cup peanut butter,0.75,cups,,peanut butter,spread,
peanut-butter-and-jelly-french-toast,1/4 teaspoon salt,0.25,teaspoons,,salt,flavor,spice
peanut-butter-crunch-french-toast,16 (1/2 inch) slices brioche,16,slices,"0.5"" slices",brioche,bread,
peanut-butter-crunch-french-toast,"4 tablespoons unsalted butter, confectioners' sugar, for dusting",4,tablespoons,,butter,fat,
peanut-butter-crunch-french-toast,"4 tablespoons unsalted butter, confectioners' sugar, for dusting",,,,confectioners sugar,sugar,
peanut-butter-crunch-french-toast,"4 cups cornflakes, finely crushed",4,cups,,cornflakes cereal,cereal,
peanut-butter-crunch-french-toast,"4 large eggs, beaten",4,,,eggs,eggs,
peanut-butter-crunch-french-toast,1/4 cup heavy cream,0.25,cups,,heavy cream,milkcream,
peanut-butter-crunch-french-toast,"maple syrup, for serving",,,,maple syrup,syrup,
peanut-butter-crunch-french-toast,4 cups mixed berries,4,serving,,mixed berries,fruit,
peanut-butter-crunch-french-toast,1/2 cup creamy peanut butter,0.5,cups,,peanut butter,spread,
peanut-butter-crunch-french-toast,2 teaspoons pure vanilla extract,2,teaspoons,,vanilla,flavor,spice
peanut-butter-french-toast,4 slices bread,4,slices,,bread,bread,
peanut-butter-french-toast,1/4 teaspoon ground cinnamon,0.25,teaspoons,,cinnamon,flavor,spice
peanut-butter-french-toast,3 eggs,3,,,eggs,eggs,
peanut-butter-french-toast,1/2 cup milk,0.5,cups,,milk,milkcream,
peanut-butter-french-toast,1 tablespoon vegetable oil,1,tablespoons,,oil,fat,
peanut-butter-french-toast,1/4 cup peanut butter,0.25,cups,,peanut butter,spread,
peanut-butter-french-toast,2 tablespoons white sugar,2,tablespoons,,sugar,sugar,
peanut-butter-french-toast,1/2 teaspoon vanilla extract (optional),0.5,teaspoons,,vanilla,flavor,spice
pineapple-sage-scented-challah-french-toast,2 teaspoons brown sugar,2,teaspoons,,brown sugar,sugar,
pineapple-sage-scented-challah-french-toast,"1 egg, beaten",1,,,eggs,eggs,
pineapple-sage-scented-challah-french-toast,"1/2 cup 1% milk, divided",0.5,cups,,low fat milk,milkcream,
pineapple-sage-scented-challah-french-toast,"1 tablespoon vegetable oil, or as needed",1,tablespoons,,oil,fat,
pineapple-sage-scented-challah-french-toast,1/4 cup fresh pineapple sage leaves,0.25,cups,,pineapple sage leaves,flavor,herb
pineapple-sage-scented-challah-french-toast,2 thick slices raisin challah bread,2,slices,,raisin challah bread,bread,
pineapple-sage-scented-challah-french-toast,1 splash vanilla extract,1,splash,,vanilla,flavor,spice
pineapple-stuffed-french-toast,4 slices good bread,4,slices,,bread,bread,
pineapple-stuffed-french-toast,1 tablespoon butter,1,tablespoons,,butter,fat,
pineapple-stuffed-french-toast,"1 1/2 teaspoons ground cinnamon, divided",0.5,teaspoons,,cinnamon,flavor,spice
pineapple-stuffed-french-toast,2 tablespoons cream cheese,2,tablespoons,,cream cheese,dairy,cheese
pineapple-stuffed-french-toast,1 egg,1,,,eggs,eggs,
pineapple-stuffed-french-toast,"2 tablespoons hot fudge sauce, or to taste",2,tablespoons,,hot fudge,spread,
pineapple-stuffed-french-toast,"1 cup chopped fresh pineapple, drained",1,cups,,pineapple,fruit,
pineapple-stuffed-french-toast,2 tablespoons white sugar,2,tablespoons,,sugar,sugar,
pineapple-stuffed-french-toast,1/2 teaspoon vanilla extract,0.5,teaspoons,,vanilla,flavor,spice
pineapple-stuffed-french-toast,1 cup whole milk,1,cups,,whole milk,milkcream,
poppy-seed-french-toast,2 tablespoons butter,2,tablespoons,,butter,fat,
poppy-seed-french-toast,3 eggs,3,,,eggs,eggs,
poppy-seed-french-toast,2 cups milk,2,cups,,milk,milkcream,
poppy-seed-french-toast,1 pinch ground nutmeg,1,pinches,,nutmeg,flavor,spice
poppy-seed-french-toast,3 tablespoons poppy seeds,3,tablespoons,,poppy seeds,other,
poppy-seed-french-toast,2 tablespoons white sugar,2,tablespoons,,sugar,sugar,
poppy-seed-french-toast,1 teaspoon vanilla extract,1,teaspoons,,vanilla,flavor,spice
poppy-seed-french-toast,12 thick slices white bread,12,slices,,white bread,bread,
pumpkin-pie-french-toast,8 slices day-old bread,8,slices,,bread,bread,
pumpkin-pie-french-toast,1 teaspoon ground cinnamon,1,teaspoons,,cinnamon,flavor,spice
pumpkin-pie-french-toast,3 large eggs,3,,,eggs,eggs,
pumpkin-pie-french-toast,1/2 cup half-and-half cream,0.5,cups,,half-and-half,milkcream,
pumpkin-pie-french-toast,1/4 teaspoon pumpkin pie spice,0.25,teaspoons,,pumpkin pie spice,flavor,spice
pumpkin-pie-french-toast,1/4 cup canned pumpkin puree,0.25,cups,,pumpkin puree,flavor,liquid
pumpkin-pie-french-toast,1 teaspoon vanilla extract,1,teaspoons,,vanilla,flavor,spice
pumpkin-pie-french-toast,1/4 cup finely chopped walnuts,0.25,cups,,walnuts,nut,
pumpkin-pie-french-toast,lightly oiled,,,,cooking spray,fat,
raspberry-cheesecake-stuffed-french-toast,1 loaf french bread cut into 1 inch slices,1,,"1"" slices",bread,bread,
raspberry-cheesecake-stuffed-french-toast,butter,,,,butter,fat,
raspberry-cheesecake-stuffed-french-toast,2 tablespoons cinnamon,2,tablespoons,,cinnamon,flavor,spice
raspberry-cheesecake-stuffed-french-toast,confectioners' sugar for dusting,,,,confectioners sugar,sugar,
raspberry-cheesecake-stuffed-french-toast,"4 ounces cream cheese, softened",4,ounces,,cream cheese,dairy,cheese
raspberry-cheesecake-stuffed-french-toast,"4 eggs, beaten",4,,,eggs,eggs,
raspberry-cheesecake-stuffed-french-toast,1 cup milk,1,cups,,milk,milkcream,
raspberry-cheesecake-stuffed-french-toast,"nutmeg, for topping",,,,nutmeg,flavor,spice
raspberry-cheesecake-stuffed-french-toast,1 cup raspberry puree,1,cups,,raspberry puree,flavor,liquid
raspberry-cheesecake-stuffed-french-toast,1 cup white sugar,1,cups,,sugar,sugar,
raspberry-cheesecake-stuffed-french-toast,2 tablespoons vanilla extract,2,tablespoons,,vanilla,flavor,spice
red-kisses-french-toast,archer farms\u2122 cinnamon,,,,cinnamon,flavor,spice
red-kisses-french-toast,3 large eggs,3,,,eggs,eggs,
red-kisses-french-toast,"10 hershey's dark chocolate kisses, unwrapped",10,,,"hershey""s dark choclate kisses",flavor,choclate
red-kisses-french-toast,2 tablespoons milk,2,tablespoons,,milk,milkcream,
red-kisses-french-toast,strawberry jam,,,,strawberry jam,spread,
red-kisses-french-toast,4 slices market pantry\u2122 roundtop white sandwich bread,4,slices,,white bread,bread,
red-kisses-french-toast,lightly oiled,,,,cooking spray,fat,
reduced-fat-french-toast,1/2 teaspoon ground cinnamon,0.5,teaspoons,,cinnamon,flavor,spice
reduced-fat-french-toast,1/2 cup egg substitute,0.5,cups,,egg substitute,eggs,
fabulous-frosted-french-toast,2/3 cup skim milk,0.67,cups,,skim milk,milkcream,
reduced-fat-french-toast,1 teaspoon vanilla extract,1,teaspoons,,vanilla,flavor,spice
reduced-fat-french-toast,6 slices reduced calorie white bread,6,slices,,white bread,bread,
reduced-fat-french-toast,cooking spray,,,,cooking spray,fat,
savory-parmesan-french-toast,"1 tablespoon butter, plus more as needed",1,tablespoons,,butter,fat,
savory-parmesan-french-toast,4 eggs,4,,,eggs,eggs,
savory-parmesan-french-toast,"1/4 cup milk, ground black pepper to taste",0.25,cups,,milk,milkcream,
savory-parmesan-french-toast,"1/4 cup milk, ground black pepper to taste",,,,pepper,flavor,spice
savory-parmesan-french-toast,1/3 cup grated parmesan cheese,0.33,cups,,parmesan cheese,dairy,cheese
savory-parmesan-french-toast,4 slices whole wheat bread,4,slices,,whole bread,bread,
smuckers-stuffed-french-toast,1/2 teaspoon almond extract,0.5,teaspoons,,almond extract,flavor,spice
smuckers-stuffed-french-toast,1 cup smucker's\xae apricot preserves,1,cups,,apricot,fruit,
smuckers-stuffed-french-toast,1/2 teaspoon ground cinnamon,0.5,teaspoons,,cinnamon,flavor,spice
smuckers-stuffed-french-toast,"1 serving crisco\xae original no-stick cooking spray, filling:",,,,cooking spray,fat,
smuckers-stuffed-french-toast,"1 (8 ounce) package cream cheese, softened",8,ounces,,cream cheese,dairy,cheese
smuckers-stuffed-french-toast,"4 large eggs, beaten",4,,,eggs,eggs,
smuckers-stuffed-french-toast,1 (1 pound) loaf french bread,10,slices,1.5” slices,french bread,bread,
smuckers-stuffed-french-toast,1 cup half-and-half,1,cups,,half-and-half,milkcream,
smuckers-stuffed-french-toast,"1/2 teaspoon nutmeg, glaze:",0.5,teaspoons,,nutmeg glaze,flavor,spice
smuckers-stuffed-french-toast,1/2 cup orange juice,0.5,cups,,orange juice,flavor,liquid
smuckers-stuffed-french-toast,2 tablespoons sugar,2,tablespoons,,sugar,sugar,
smuckers-stuffed-french-toast,1/2 teaspoon vanilla extract,0.5,teaspoons,,vanilla,flavor,spice
smuckers-stuffed-french-toast,"1 teaspoon vanilla extract, toast:",1,teaspoons,,vanilla,flavor,spice
smuckers-stuffed-french-toast,1/2 cup chopped walnuts or pecans,0.5,cups,,walnuts,nut,
snow-day-french-toast,2 tablespoons butter,2,tablespoons,,butter,fat,
snow-day-french-toast,2 eggs,2,,,eggs,eggs,
snow-day-french-toast,1/2 cup milk,0.5,cups,,milk,milkcream,
snow-day-french-toast,1/2 teaspoon ground nutmeg,0.5,teaspoons,,nutmeg,flavor,spice
snow-day-french-toast,6 slices raisin bread,6,slices,,raisin bread,bread,
snow-day-french-toast,1/4 teaspoon salt,0.25,teaspoons,,salt,flavor,spice
snow-day-french-toast,1 cup white sugar,1,cups,,sugar,sugar,
strawberry-cheesecake-french-toast,"8 slices bread, cut in half diagonally",8,slices,,bread,bread,
strawberry-cheesecake-french-toast,1 teaspoon butter,1,teaspoons,,butter,fat,
strawberry-cheesecake-french-toast,1 tablespoon confectioners' sugar for dusting,1,tablespoons,,confectioners sugar,sugar,
strawberry-cheesecake-french-toast,2 tablespoons cornstarch,2,tablespoons,,cornstarch,other,
strawberry-cheesecake-french-toast,"1 (8 ounce) package cream cheese, softened",8,ounces,,cream cheese,dairy,cheese
strawberry-cheesecake-french-toast,6 eggs,6,,,eggs,eggs,
strawberry-cheesecake-french-toast,1 cup milk,1,cups,,milk,milkcream,
strawberry-cheesecake-french-toast,1 cup mashed fresh strawberries,1,cups,,strawberries,fruit,
strawberry-cheesecake-french-toast,8 sliced fresh strawberries,8,,,strawberries,fruit,
strawberry-cheesecake-french-toast,1/2 cup white sugar,0.5,cups,,sugar,sugar,
strawberry-cheesecake-french-toast,3/4 cup white sugar,0.75,cups,,sugar,sugar,
strawberry-cheesecake-french-toast,1 teaspoon vanilla extract,1,teaspoons,,vanilla,flavor,spice
strawberry-cheesecake-french-toast,1 cup water,1,cups,,water,other,
strawberry-cheesecake-french-toast,1 cup whipped cream,1,cups,,whipped cream,spread,
strawberry-french-toast,1/2 cup sliced almonds (optional),0.5,cups,,almonds,nut,
strawberry-french-toast,"1 tablespoon butter, or as needed",1,tablespoons,,butter,fat,
strawberry-french-toast,1/2 teaspoon ground cinnamon,0.5,teaspoons,,cinnamon,flavor,spice
strawberry-french-toast,2 tablespoons cornstarch,2,tablespoons,,cornstarch,other,
strawberry-french-toast,"1 (8 ounce) package cream cheese, softened",8,ounces,,cream cheese,dairy,cheese
strawberry-french-toast,"3 eggs, beaten",3,,,eggs,eggs,
strawberry-french-toast,1 loaf italian bread,1,loaves,,italian bread,bread,
strawberry-french-toast,1 cup milk,1,cups,1.5” slices,milk,milkcream,
strawberry-french-toast,1/4 teaspoon ground nutmeg,0.25,teaspoons,,nutmeg,flavor,spice
strawberry-french-toast,"1 (10 ounce) package frozen strawberries - thawed, drained, and juice reserved, water as needed",10,ounces,,strawberries,fruit,
strawberry-french-toast,1/2 cup white sugar,0.5,cups,,sugar,sugar,
strawberry-french-toast,2 tablespoons white sugar,2,tablespoons,,sugar,sugar,
strawberry-french-toast,1 1/2 teaspoons white sugar,0.5,teaspoons,,sugar,sugar,
strawberry-french-toast,1 teaspoon vanilla extract,1,teaspoons,,vanilla,flavor,spice
strawberry-ricotta-stuffed-whole-grain-french-toast,"2 cups fresh sliced strawberries, divided, non-stick cooking spray, powdered sugar, maple syrup",,,,cooking spray,fat,
strawberry-ricotta-stuffed-whole-grain-french-toast,"4 large eggs, beaten",4,,,eggs,eggs,
strawberry-ricotta-stuffed-whole-grain-french-toast,"2 cups fresh sliced strawberries, divided, non-stick cooking spray, powdered sugar, maple syrup",,,,maple syrup,syrup,
strawberry-ricotta-stuffed-whole-grain-french-toast,1/2 cup milk,0.5,cups,,milk,milkcream,
strawberry-ricotta-stuffed-whole-grain-french-toast,"2 cups fresh sliced strawberries, divided, non-stick cooking spray, powdered sugar, maple syrup",,,,powdered sugar,sugar,
strawberry-ricotta-stuffed-whole-grain-french-toast,1/2 cup low-fat ricotta cheese,0.5,cups,,ricotta cheese,dairy,cheese
strawberry-ricotta-stuffed-whole-grain-french-toast,8 slices roman meal bread,8,slices,,roman meal bread,bread,
strawberry-ricotta-stuffed-whole-grain-french-toast,"2 cups fresh sliced strawberries, divided, non-stick cooking spray, powdered sugar, maple syrup",2,cups,,strawberries,fruit,
strawberry-ricotta-stuffed-whole-grain-french-toast,2 teaspoons granulated sugar,2,teaspoons,,sugar,sugar,
strawberry-ricotta-stuffed-whole-grain-french-toast,"1/2 teaspoon vanilla extract, divided",0.5,teaspoons,,vanilla,flavor,spice
stuffed-french-toast,1 (12 ounce) jar apricot preserves,12,ounces,,apricot jam,spread,
stuffed-french-toast,4 slices cinnamon raisin bread,4,slices,,cinnamon raisin bread,bread,
stuffed-french-toast,"2 (3 ounce) packages cream cheese, softened",6,ounces,,cream cheese,dairy,cheese
stuffed-french-toast,4 eggs,4,,,eggs,eggs,
stuffed-french-toast,"1 1/2 teaspoons ground ginger, apricot syrup:",0.5,teaspoons,,ground ginger,flavor,spice
stuffed-french-toast,1/3 cup orange juice,0.33,cups,,orange juice,flavor,liquid
stuffed-french-toast,1/2 cup chopped pecans,0.5,cups,,pecans,nut,
stuffed-french-toast,"1/3 cup crushed pineapple, undrained",0.33,cups,,pineapple,fruit,
stuffed-french-toast,1/2 teaspoon vanilla extract,0.5,teaspoons,,vanilla,flavor,spice
stuffed-french-toast,1 cup whipping cream,1,cups,,whipping cream,milkcream,
stuffed-french-toast,greased,,,,butter,fat,
stuffed-french-toast-i,2 tablespoons butter,2,tablespoons,,butter,fat,
stuffed-french-toast-i,1/4 teaspoon ground cinnamon,0.25,teaspoons,,cinnamon,flavor,spice
stuffed-french-toast-i,1 (8 ounce) package cream cheese,8,ounces,,cream cheese,dairy,cheese
stuffed-french-toast-i,4 eggs,4,,,eggs,eggs,
stuffed-french-toast-i,1 (1 pound) loaf french bread,1,pound,,french bread,bread,
stuffed-french-toast-i,1/4 cup irish cream liqueur,0.25,cups,,irish cream liqueur,milkcream,
stuffed-french-toast-i,1/4 teaspoon ground nutmeg,0.25,teaspoons,,nutmeg,flavor,spice
stuffed-french-toast-i,1/3 cup orange marmalade,0.33,cups,,orange marmalade,spread,
stuffed-french-toast-i,1 teaspoon vanilla extract,1,teaspoons,,vanilla,flavor,spice
stuffed-french-toast-ii,1 1/2 teaspoons almond extract,0.5,teaspoons,,almond extract,flavor,spice
stuffed-french-toast-ii,1 tablespoon butter,1,tablespoons,,butter,fat,
stuffed-french-toast-ii,"1/2 (8 ounce) package cream cheese, softened",4,ounces,,cream cheese,dairy,cheese
stuffed-french-toast-ii,"5 eggs, beaten",5,,,eggs,eggs,
stuffed-french-toast-ii,1/4 cup milk,0.25,cups,,milk,milkcream,
stuffed-french-toast-ii,8 slices oatnut bread,8,slices,,oatnut bread,bread,
stuffed-french-toast-ii,1/2 cup seedless raspberry jam,0.5,cups,,raspberry jam,spread,
stuffed-french-toast-with-fresh-berry-topping,2 tablespoons packed brown sugar,2,tablespoons,,brown sugar,sugar,
stuffed-french-toast-with-fresh-berry-topping,3 large eggs,3,,,eggs,eggs,
stuffed-french-toast-with-fresh-berry-topping,2/3 cup nestle\xae carnation\xae evaporated fat free milk,0.67,cups,,evaporated milk,milkcream,
stuffed-french-toast-with-fresh-berry-topping,12 slices (about 3/4-inch thick) french bread,12,slices,,french bread,bread,
stuffed-french-toast-with-fresh-berry-topping,"maple syrup, heated",,,,maple syrup,syrup,
stuffed-french-toast-with-fresh-berry-topping,"2 cups mixed fresh berries (strawberries, raspberries, blueberries and/or blackberries)",2,cups,,mixed berries,fruit,
stuffed-french-toast-with-fresh-berry-topping,vegetable oil,,,,oil,fat,
stuffed-french-toast-with-fresh-berry-topping,powdered sugar,,,,powdered sugar,sugar,
stuffed-french-toast-with-fresh-berry-topping,2/3 cup low-fat ricotta cheese,0.67,cups,,ricotta cheese,dairy,cheese
stuffed-french-toast-with-fresh-berry-topping,1/4 cup strawberry preserves,0.25,cups,,strawberries,fruit,
stuffed-french-toast-with-fresh-berry-topping,2 tablespoons granulated sugar,2,tablespoons,,sugar,sugar,
stuffed-french-toast-with-fresh-berry-topping,2 teaspoons vanilla extract,2,teaspoons,,vanilla,flavor,spice
sweet-french-toast,"1/3 cup cornflakes cereal, crumbled",0.33,cups,,cereal,cereal,
sweet-french-toast,1 teaspoon ground cinnamon,1,teaspoons,,cinnamon,flavor,spice
sweet-french-toast,2 tablespoons confectioners' sugar for dusting,2,tablespoons,,confectioners sugar,sugar,
sweet-french-toast,3 eggs,3,,,eggs,eggs,
sweet-french-toast,2 1/2 tablespoons maple syrup,1,tablespoons,,maple syrup,syrup,
sweet-french-toast,1/4 cup milk,0.25,cups,,milk,milkcream,
sweet-french-toast,1 teaspoon vanilla extract,1,teaspoons,,vanilla,flavor,spice
sweet-french-toast,8 slices white bread,8,slices,,white bread,bread,
sweet-french-toast,lightly oiled,,,,cooking spray,fat,
ultimate-french-toast,8 slices bread,8,slices,,bread,bread,
ultimate-french-toast,1/4 teaspoon ground cinnamon,0.25,teaspoons,,cinnamon,flavor,spice
ultimate-french-toast,4 eggs,4,,,eggs,eggs,
ultimate-french-toast,2 tablespoons milk,2,tablespoons,,milk,milkcream,
ultimate-french-toast,lightly oiled,,,,cooking spray,fat,
valentines-day-french-toast,"1 banana, or more to taste, sliced",1,,,bananas,fruit,
valentines-day-french-toast,4 slices bread,4,slices,,bread,bread,
valentines-day-french-toast,"1 teaspoon butter, or to taste",1,teaspoons,,butter,fat,
valentines-day-french-toast,"2 dashes ground cinnamon, or to taste",2,dashes,,cinnamon,flavor,spice
valentines-day-french-toast,"1/2 teaspoon confectioners' sugar, or to taste",0.5,teaspoons,,confectioners sugar,sugar,
valentines-day-french-toast,8 eggs,8,,,eggs,eggs,
valentines-day-french-toast,"2 tablespoons maple syrup, or to taste, warmed",2,tablespoons,,maple syrup,syrup,
valentines-day-french-toast,"1 tablespoon milk, or to taste",1,tablespoons,,milk,milkcream,
valentines-day-french-toast,"3 dashes ground nutmeg, or to taste",3,dashes,,nutmeg,flavor,spice
valentines-day-french-toast,"6 strawberries, or more to taste, sliced",6,,,strawberries,fruit,
vanilla-almond-spiced-french-toast,1/8 teaspoon ground allspice,0.13,teaspoons,,allspice,flavor,spice
vanilla-almond-spiced-french-toast,1/2 teaspoon almond extract (such as watkins\xae pure almond extract),0.5,teaspoons,,almonds,nut,
vanilla-almond-spiced-french-toast,2 tablespoons brown sugar,2,tablespoons,,brown sugar,sugar,
vanilla-almond-spiced-french-toast,1/2 teaspoon ground cinnamon,0.5,teaspoons,,cinnamon,flavor,spice
vanilla-almond-spiced-french-toast,4 large eggs,4,,,eggs,eggs,
vanilla-almond-spiced-french-toast,1/4 teaspoon ground nutmeg,0.25,teaspoons,,nutmeg,flavor,spice
vanilla-almond-spiced-french-toast,8 thick slices slightly stale texas toast,8,slices,,texas toast,bread,
vanilla-almond-spiced-french-toast,1 teaspoon double-strength imitation vanilla extract (such as goodman's route 66),1,teaspoons,,vanilla,flavor,spice
vanilla-almond-spiced-french-toast,2 cups whole milk,2,cups,,whole milk,milkcream,
vanilla-almond-spiced-french-toast,nonstick,,,,cooking spray,fat,
vanilla-french-toast,6 slices bread,6,slices,,bread,bread,
vanilla-french-toast,1 tablespoon butter,1,tablespoons,,butter,fat,
vanilla-french-toast,1/4 teaspoon ground cinnamon,0.25,teaspoons,,cinnamon,flavor,spice
vanilla-french-toast,2 eggs,2,,,eggs,eggs,
vanilla-french-toast,1/2 cup milk,0.5,cups,,milk,milkcream,
vanilla-french-toast,2 tablespoons sugar,2,tablespoons,,sugar,sugar,
vanilla-french-toast,1 tablespoon spice islands\xae pure vanilla extract,1,tablespoons,,vanilla,flavor,spice
yummy-french-toast,8 slices bread,8,slices,,bread,bread,
yummy-french-toast,1 teaspoon cinnamon,1,teaspoons,,cinnamon,flavor,spice
yummy-french-toast,3 large eggs,3,,,eggs,eggs,
yummy-french-toast,2/3 cup milk,0.67,cups,,milk,milkcream,
yummy-french-toast,1/2 teaspoon nutmeg,0.5,teaspoons,,nutmeg,flavor,spice
yummy-french-toast,2 tablespoons canola oil,2,tablespoons,,oil,fat,
yummy-french-toast,2 tablespoons granulated sugar,2,tablespoons,,sugar,sugar,
yummy-french-toast,1 teaspoon vanilla,1,teaspoons,,vanilla,flavor,spice
